regime,model,white_rate,black_rate,white_black_ratio,disparate_impact,passes_80_rule
A_quals_only,Logistic Regression,0.003629764065335753,0.003629764065335753,1.0,1.0,True
A_quals_only,Random Forest,0.012704174228675136,0.012704174228675136,1.0,1.0,True
B_quals_plus_names,Logistic Regression,0.007259528130671506,0.0054446460980036296,1.3333333333333333,0.75,False
B_quals_plus_names,Random Forest,0.09074410163339383,0.04900181488203267,1.8518518518518519,0.5399999999999999,False
C_quals_plus_race,Logistic Regression,0.0054446460980036296,0.0018148820326678765,3.0,0.3333333333333333,False
C_quals_plus_race,Random Forest,0.029038112522686024,0.010889292196007259,2.6666666666666665,0.375,False
