regime,model,mean_prob_diff_white_minus_black,std_prob_diff,cohens_d,t_statistic,p_value,significant_at_05
A_quals_only,Logistic Regression,0.0,0.0,0.0,,,False
A_quals_only,Random Forest,0.0,0.0,0.0,,,False
B_quals_plus_names,Logistic Regression,0.04940779105542613,0.07178198455073845,0.688303497941084,16.14214787142227,2.876413059507474e-48,True
B_quals_plus_names,Random Forest,0.04655829228243021,0.23710854123370353,0.19635856237055804,4.605016477595687,5.128405738544217e-06,True
C_quals_plus_race,Logistic Regression,0.046732109616662965,0.02389239705493119,1.955940607768271,45.870873259774584,4.004995867284901e-190,True
C_quals_plus_race,Random Forest,0.048240666971250394,0.1824294580928121,0.2644346339433166,6.20154187245436,1.0991905752047367e-09,True
